{"cameraMode":{"drawMode":0,"name":"Shaded","section":"Shading Mode"},"sceneLighting":true,"audioPlay":false,"sceneViewState":{"m_AlwaysRefresh":false,"showFog":true,"showSkybox":false,"showFlares":true,"showImageEffects":true,"showParticleSystems":true,"showVisualEffectGraphs":true,"m_FxEnabled":true},"in2DMode":false,"pivot":{"x":-0.24945296347141267,"y":0.15625083446502686,"z":0.07866017520427704},"rotation":{"x":-0.12557336688041688,"y":-0.8299127221107483,"z":0.20736241340637208,"w":-0.5028771758079529},"size":2.0384140014648439,"orthographic":false}