{"cameraMode":{"drawMode":0,"name":"Shaded","section":"Shading Mode"},"sceneLighting":false,"audioPlay":false,"sceneViewState":{"m_AlwaysRefresh":false,"showFog":true,"showSkybox":false,"showFlares":true,"showImageEffects":true,"showParticleSystems":true,"showVisualEffectGraphs":true,"m_FxEnabled":true},"in2DMode":false,"pivot":{"x":1.7069255113601685,"y":1.2584569454193116,"z":0.06095050647854805},"rotation":{"x":-0.3163895308971405,"y":0.5845269560813904,"z":-0.26423752307891848,"w":-0.6991047859191895},"size":1.9270203113555909,"orthographic":false}