{"cameraMode":{"drawMode":0,"name":"Shaded","section":"Shading Mode"},"sceneLighting":true,"audioPlay":false,"sceneViewState":{"m_AlwaysRefresh":false,"showFog":true,"showSkybox":true,"showFlares":true,"showImageEffects":true,"showParticleSystems":true,"showVisualEffectGraphs":true,"m_FxEnabled":true},"in2DMode":false,"pivot":{"x":-0.15081378817558289,"y":0.9758985042572022,"z":0.32556191086769106},"rotation":{"x":-0.16901572048664094,"y":-0.011851945891976357,"z":0.002111598150804639,"w":-0.9857482314109802},"size":0.3915889859199524,"orthographic":false}