{"cameraMode":{"drawMode":0,"name":"Shaded","section":"Shading Mode"},"sceneLighting":true,"audioPlay":false,"sceneViewState":{"m_AlwaysRefresh":false,"showFog":true,"showSkybox":false,"showFlares":true,"showImageEffects":true,"showParticleSystems":true,"showVisualEffectGraphs":true,"m_FxEnabled":true},"in2DMode":false,"pivot":{"x":0.036344364285469058,"y":2.5117805004119875,"z":-0.11335194110870362},"rotation":{"x":-0.2655235230922699,"y":0.5249723792076111,"z":-0.17627505958080293,"w":-0.789412796497345},"size":2.4889090061187746,"orthographic":false}