{"cameraMode":{"drawMode":0,"name":"Shaded","section":"Shading Mode"},"sceneLighting":false,"audioPlay":false,"sceneViewState":{"m_AlwaysRefresh":false,"showFog":true,"showSkybox":false,"showFlares":true,"showImageEffects":true,"showParticleSystems":true,"showVisualEffectGraphs":true,"m_FxEnabled":true},"in2DMode":false,"pivot":{"x":0.34572577476501467,"y":-0.17757302522659303,"z":0.33682894706726076},"rotation":{"x":0.17169596254825593,"y":-0.7408096194267273,"z":0.20643702149391175,"w":0.6159043312072754},"size":1.1960026025772095,"orthographic":false}